Title,Link
Find the Smallest Divisor Given a Threshold,
Design Tic-Tac-Toe,
LRU Cache,
Design HashMap,
Reverse Words in a String III,
Find Median from Data Stream,
First Missing Positive,
Merge Intervals,
Two Sum,
Reaching Points,
Letter Combinations of a Phone Number,
K-diff Pairs in an Array,
LFU Cache,
Implement Queue using Stacks,
Design Search Autocomplete System,
Maximum Frequency Stack,
The Skyline Problem,
Flatten 2D Vector,
Remove Duplicates from Sorted List II,
Shuffle an Array,
Word Ladder,
Largest Number,
Number of Islands,
Trapping Rain Water,
Valid Parentheses,
Find the Duplicate Number,
Merge k Sorted Lists,
Design Snake Game,
Insert Delete GetRandom O(1),
Lowest Common Ancestor of a Binary Tree,
Remove Duplicates from Sorted List,
Reverse Words in a String,
Decode String,
Longest Increasing Subsequence,
Group Anagrams,
Isomorphic Strings,
Find Minimum in Rotated Sorted Array,
Rotate Image,
3Sum,
Search in Rotated Sorted Array,
Word Search II,
Generate Parentheses,
Find Pivot Index,
Search a 2D Matrix II,
Candy,
Top K Frequent Words,
Serialize and Deserialize Binary Tree,
Validate Binary Search Tree,
Permutations,
Minimum Window Substring,
